Omron M3 Expert:: Дата и время,Верхнее давление,Нижнее давление,Пульс
23.08.2026 06:20,139,73,49,Лекарство не принимал
23.08.2026 09:11,115,73,55,Гипосард 4мг косил траву два часа назад
23.08.2026 21:13,123,70,47,Амлодипин 2.5мг
24.08.2026 09:07,132,71,51,Гипосард 4мг
24.08.2026 21:07,130,71,48,Амлодипин 2.5мг
25.08.2026 10:23,132,73,55,Гипосард 4мг
25.08.2026 21:08,126,70,49,Амлодипин 2.5мг
26.08.2026 09:01,124,73,49,Гипосард 4мг
26.08.2026 21:01,136,77,47,Амлодипин 5мг
27.08.2026 09:50,120,72,51,Гипосард 4мг
27.08.2026 21:03,128,68,48,Амлодипин 2.5мг
28.08.2026 04:26,129,73,48,Гипосард 4мг
28.08.2026 21:06,128,76,50,Амлодипин 2.5мг
29.08.2026 08:50,127,75,55,Гипосард 4мг
29.08.2026 21:02,126,66,52,Давление низкое лекарство не пил
30.08.2026 08:55,151,79,52,Гипосард 8мг
30.08.2026 20:57,123,73,51,Амлодипин 2.5мг
31.08.2026 09:08,135,77,48,Гипосард 8мг
31.08.2026 21:07,125,70,53,Амлодипин 2.5мг
01.09.2026 08:13,141,80,47,Гипосард 8мг
01.09.2026 21:03,139,68,50,Амлодипин 2.5мг
02.09.2026 09:13,128,76,52,Гипосард 4мг
02.09.2026 20:59,134,73,49,Амлодипин 5мг
03.09.2026 06:19,146,70,49,Лекарство не принимал
03.09.2026 09:16,129,73,53,Гипосард 8мг
03.09.2026 21:01,142,73,49,Амлодипин 5мг
04.09.2026 08:57,132,74,57,Гипосард 8мг
19.09.2026 09:15,146,82,55,Гипосард 12мг
19.09.2026 21:14,128,73,59,Амлодипин 5мг
20.09.2026 09:21,124,74,60,Гипосард 4мг
20.09.2026 21:15,125,68,20,автоматический тонометр (левая рука)
20.09.2026 21:15,135,71,20,автоматический тонометр (правая рука)
21.09.2026 08:51,125,75,57,левая рука
21.09.2026 08:53,135,73,59,правая рука (Гипосард 8мг)
21.09.2026 21:00,123,74,53,левая рука
21.09.2026 21:03,140,76,56,правая рука (Амлодипин 5мг папа немного понервничал)
22.09.2026 09:11,125,76,52,правая рука (Гипосард 4мг)