Всё вместе (omron+механический):: Дата и время,Верхнее давление,Нижнее давление,Пульс
05.08.2026 21:07,139,68,20,первый раз померили
05.08.2026 21:14,128,75,20,Амлодипин 5мг
06.08.2026 05:52,143,81,49,Лекарство не принимал
06.08.2026 21:07,130,72,57,Амлодипин 5мг
07.08.2026 06:45,146,79,50,Лекарство не принимал
07.08.2026 09:11,135,87,54,Лекарство не принимал
07.08.2026 09:16,136,85,61,Гипосард 8мг
07.08.2026 21:31,121,76,56,Амлодипин 5мг
08.08.2026 06:02,146,81,53,Лекарство не принимал
08.08.2026 09:09,124,79,57,Гипосард 8мг
08.08.2026 21:31,133,71,59,Амлодипин 2.5мг
09.08.2026 09:08,127,80,60,Гипосард 4мг
09.08.2026 22:06,129,89,61,Амлодипин 5мг
10.08.2026 09:09,137,79,54,Гипосард 8мг
10.08.2026 21:04,140,76,51,Амлодипин 5мг
11.08.2026 21:16,134,73,52,Амлодипин 2.5мг
12.08.2026 09:07,129,78,49,Гипосард 8мг
12.08.2026 21:06,134,76,53,Амлодипин 5мг
13.08.2026 08:47,124,76,54,Гипосард 4мг
13.08.2026 21:01,126,67,49,Давление низкое лекарство не пил
14.08.2026 21:05,125,70,20,механический тонометр левая рука
14.08.2026 21:16,114,69,52,автоматический тонометр Амлодипин 2.5мг
15.08.2026 10:58,133,74,51,Гипосард 8мг
15.08.2026 21:31,120,62,54,Давление низкое лекарство не пил
16.08.2026 09:04,139,74,49,Гипосард 8мг
16.08.2026 21:52,123,77,53,Амлодипин 2.5мг
17.08.2026 08:48,147,74,50,Гипосард 8мг папа проснулся около восьми утра
17.08.2026 21:07,129,75,49,Амлодипин 5мг
18.08.2026 09:38,129,86,68,Гипосард 8мг утром долго косил траву
18.08.2026 21:25,128,72,47,Амлодипин 2.5мг
19.08.2026 06:16,127,74,48,Лекарство не принимал
19.08.2026 09:30,122,74,54,Гипосард 4мг
19.08.2026 20:59,117,74,50,Амлодипин 2.5мг
20.08.2026 09:21,132,82,61,Гипосард 8мг
20.08.2026 21:15,130,78,48,Амлодипин 2.5мг
21.08.2026 04:26,127,72,50,Лекарство не принимал
21.08.2026 21:00,140,75,20,Амлодипин 5мг
22.08.2026 09:00,150,78,20,Гипосард 8мг
22.08.2026 21:09,113,66,53,Давление низкое лекарство не пил
23.08.2026 06:20,139,73,49,Лекарство не принимал
23.08.2026 09:11,115,73,55,Гипосард 4мг косил траву два часа назад
23.08.2026 21:13,123,70,47,Амлодипин 2.5мг
24.08.2026 09:07,132,71,51,Гипосард 4мг
24.08.2026 21:07,130,71,48,Амлодипин 2.5мг
25.08.2026 10:23,132,73,55,Гипосард 4мг
25.08.2026 21:08,126,70,49,Амлодипин 2.5мг
26.08.2026 09:01,124,73,49,Гипосард 4мг
26.08.2026 21:01,136,77,47,Амлодипин 5мг
27.08.2026 09:50,120,72,51,Гипосард 4мг
27.08.2026 21:03,128,68,48,Амлодипин 2.5мг
28.08.2026 04:26,129,73,48,Гипосард 4мг
28.08.2026 21:06,128,76,50,Амлодипин 2.5мг
29.08.2026 08:50,127,75,55,Гипосард 4мг
29.08.2026 21:02,126,66,52,Давление низкое лекарство не пил
30.08.2026 08:55,151,79,52,Гипосард 8мг
30.08.2026 20:57,123,73,51,Амлодипин 2.5мг
31.08.2026 09:08,135,77,48,Гипосард 8мг
31.08.2026 21:07,125,70,53,Амлодипин 2.5мг
01.09.2026 08:13,141,80,47,Гипосард 8мг
01.09.2026 21:03,139,68,50,Амлодипин 2.5мг
02.09.2026 09:13,128,76,52,Гипосард 4мг
02.09.2026 20:59,134,73,49,Амлодипин 5мг
03.09.2026 06:19,146,70,49,Лекарство не принимал
03.09.2026 09:16,129,73,53,Гипосард 8мг
03.09.2026 21:01,142,73,49,Амлодипин 5мг
04.09.2026 08:57,132,74,57,Гипосард 8мг
04.09.2026 21:30,138,80,20,Амлодипин 5мг
05.09.2026 05:50,150,75,20,Гипосард 8мг
06.09.2026 21:15,140,70,20,Амлодипин 5мг
06.09.2026 08:36,150,80,20,Гипосард 8мг
07.09.2026 21:12,150,75,20,Амлодипин 5мг
08.09.2026 07:16,150,83,20,Гипосард 12мг
09.09.2026 08:36,140,70,20,Гипосард 8мг
11.09.2026 08:06,140,80,20,Гипосард 8мг
12.09.2026 07:41,140,85,20,Гипосард 8мг(я записовал)
12.09.2026 08:30,150,80,20,время приблизительное
12.09.2026 20:30,150,80,20,Лекарство не записали(левая рука)
12.09.2026 20:35,140,80,20,Лекарство не записали(правая рука)
15.09.2026 08:30,150,75,20,Гипосард 12мг
16.09.2026 08:30,140,79,20,Гипосард 8мг
17.09.2026 08:30,140,80,20,Гипосард 8мг
18.09.2026 19:21,140,70,20,Лекарство не записали(правая рука)
18.09.2026 19:21,138,70,20,Лекарство не записали(левая рука)
19.09.2026 09:15,146,82,55,Гипосард 12мг
19.09.2026 21:14,128,73,59,Амлодипин 5мг
20.09.2026 09:21,124,74,60,Гипосард 4мг
20.09.2026 21:15,125,68,20,автоматический тонометр (левая рука)
20.09.2026 21:15,140,72,20,механический тонометр   (правая рука) Амлодипин 5мг
20.09.2026 21:15,130,70,20,механический тонометр   (левая рука)
20.09.2026 21:15,135,71,20,автоматический тонометр (правая рука)
21.09.2026 08:51,125,75,57,левая рука
21.09.2026 08:53,135,73,59,правая рука (Гипосард 8мг)
21.09.2026 21:00,123,74,53,левая рука
21.09.2026 21:03,140,76,56,правая рука (Амлодипин 5мг папа немного понервничал)
22.09.2026 09:11,125,76,52,правая рука (Гипосард 4мг)