Механический:: Дата и время,Верхнее давление,Нижнее давление,Пульс
14.08.2026 21:05,125,70,20,механический тонометр левая рука
21.08.2026 21:00,140,75,20,Амлодипин 5мг
22.08.2026 09:00,150,78,20,Гипосард 8мг
04.09.2026 21:30,138,80,20,Амлодипин 5мг
05.09.2026 05:50,150,75,20,Гипосард 8мг
06.09.2026 21:15,140,70,20,Амлодипин 5мг
06.09.2026 08:36,150,80,20,Гипосард 8мг
07.09.2026 21:12,150,75,20,Амлодипин 5мг
08.09.2026 07:16,150,83,20,Гипосард 12мг
09.09.2026 08:36,140,70,20,Гипосард 8мг
11.09.2026 08:06,140,80,20,Гипосард 8мг
12.09.2026 07:41,140,85,20,Гипосард 8мг(я записовал)
12.09.2026 08:30,150,80,20,время приблизительное
12.09.2026 20:30,150,80,20,Лекарство не записали(левая рука)
12.09.2026 20:35,140,80,20,Лекарство не записали(правая рука)
15.09.2026 08:30,150,75,20,Гипосард 12мг
16.09.2026 08:30,140,79,20,Гипосард 8мг
17.09.2026 08:30,140,80,20,Гипосард 8мг
18.09.2026 19:21,140,70,20,Лекарство не записали(правая рука)
18.09.2026 19:21,138,70,20,Лекарство не записали(левая рука)
20.09.2026 21:15,140,72,20,механический тонометр   (правая рука) Амлодипин 5мг
20.09.2026 21:15,130,70,20,механический тонометр   (левая рука)
